[{"id":0,"parent":2,"joint":"hinge","name":"switch","parts":[{"id":2,"name":"switch"}],"jointData":{"axis":{"origin":[-0.5382268287006922,0.16850985530792872,0.07915972896769327],"direction":[0,1,0]},"limit":{"a":0,"b":90,"noLimit":false}}},{"id":1,"parent":2,"joint":"hinge","name":"switch","parts":[{"id":3,"name":"switch"}],"jointData":{"axis":{"origin":[0.5518024114380763,0.1680426974010687,0.07156600273536651],"direction":[0,1,0]},"limit":{"a":0,"b":-90,"noLimit":false}}},{"id":2,"parent":-1,"joint":"static","name":"surface_base","parts":[{"id":11,"name":"surface_base"},{"id":12,"name":"vertical_support"},{"id":9,"name":"surface_base"},{"id":10,"name":"vertical_support"},{"id":18,"name":"surface_base"},{"id":14,"name":"tube"},{"id":15,"name":"head"},{"id":16,"name":"mouth"}],"jointData":{}}]