[{"text": "Faucet", "children": [{"text": "Normal Faucet", "children": [{"text": "Switch", "objs": ["new-2"], "id": 2, "name": "switch"}, {"text": "Switch", "objs": ["new-5"], "id": 3, "name": "switch"}, {"text": "Frame", "children": [{"text": "Surface Base", "objs": ["new-7"], "id": 11, "name": "surface_base"}, {"text": "Vertical Support", "objs": ["new-6"], "id": 12, "name": "vertical_support"}], "id": 4, "name": "frame"}, {"text": "Frame", "children": [{"text": "Surface Base", "objs": ["new-4"], "id": 9, "name": "surface_base"}, {"text": "Vertical Support", "objs": ["new-3"], "id": 10, "name": "vertical_support"}], "id": 5, "name": "frame"}, {"text": "Spout", "children": [{"text": "Tube", "objs": ["new-9"], "id": 14, "name": "tube"}, {"text": "Head", "objs": ["new-10"], "id": 15, "name": "head"}, {"text": "Mouth", "objs": ["original-4", "original-3"], "id": 16, "name": "mouth"}], "id": 6, "name": "spout"}, {"text": "Frame", "children": [{"text": "Surface Base", "objs": ["new-8"], "id": 18, "name": "surface_base"}], "id": 17, "name": "frame"}], "id": 1, "name": "normal_faucet"}], "id": 0, "name": "faucet"}]