[{"name": "faucet", "text": "faucet", "ori_id": 0, "id": 0, "children": [{"name": "normal_faucet", "text": "normal_faucet", "ori_id": 1, "id": 1, "children": [{"ori_id": 2, "name": "switch", "id": 2, "objs": ["new-2"], "text": "switch"}, {"ori_id": 3, "name": "switch", "id": 3, "objs": ["new-5"], "text": "switch"}, {"name": "frame", "text": "frame", "ori_id": 4, "id": 4, "children": [{"ori_id": 11, "name": "surface_base", "id": 5, "objs": ["new-7"], "text": "surface_base"}, {"ori_id": 12, "name": "vertical_support", "id": 6, "objs": ["new-6"], "text": "vertical_support"}], "objs": ["new-7", "new-6"]}, {"name": "frame", "text": "frame", "ori_id": 5, "id": 7, "children": [{"ori_id": 9, "name": "surface_base", "id": 8, "objs": ["new-4"], "text": "surface_base"}, {"ori_id": 10, "name": "vertical_support", "id": 9, "objs": ["new-3"], "text": "vertical_support"}], "objs": ["new-4", "new-3"]}, {"name": "spout", "text": "spout", "ori_id": 6, "id": 10, "children": [{"ori_id": 14, "name": "tube", "id": 11, "objs": ["new-9"], "text": "tube"}], "objs": ["new-9", "new-10", "original-4", "original-3"]}, {"name": "frame", "text": "frame", "ori_id": 17, "id": 12, "children": [{"ori_id": 18, "name": "surface_base", "id": 13, "objs": ["new-8"], "text": "surface_base"}], "objs": ["new-8"]}], "objs": ["new-2", "new-5", "new-7", "new-6", "new-4", "new-3", "new-9", "new-10", "original-4", "original-3", "new-8"]}], "objs": ["new-2", "new-5", "new-7", "new-6", "new-4", "new-3", "new-9", "new-10", "original-4", "original-3", "new-8"]}]