[{"id":0,"parent":4,"joint":"hinge","name":"lever","parts":[{"id":1,"name":"switch"}],"jointData":{"axis":{"origin":[0.6004359999999993,0.05795399702183715,-0.21110114892914889],"direction":[1,0,0]},"limit":{"a":47.52,"b":-81.72,"noLimit":false}}},{"id":1,"parent":4,"joint":"hinge","name":"lever","parts":[{"id":2,"name":"switch"}],"jointData":{"axis":{"origin":[0.6004359999999993,0.05795399702183715,-0.21110114892914889],"direction":[1,0,0]},"limit":{"a":47.52,"b":-81.72,"noLimit":false}}},{"id":2,"parent":4,"joint":"hinge","name":"lever","parts":[{"id":3,"name":"switch"}],"jointData":{"axis":{"origin":[0.6004359999999993,0.05795399702183715,-0.21110114892914889],"direction":[1,0,0]},"limit":{"a":47.52,"b":-81.72,"noLimit":false}}},{"id":3,"parent":4,"joint":"hinge","name":"lever","parts":[{"id":4,"name":"switch"}],"jointData":{"axis":{"origin":[0.6004359999999993,0.05795399702183715,-0.21110114892914889],"direction":[1,0,0]},"limit":{"a":47.52,"b":-81.72,"noLimit":false}}},{"id":4,"parent":-1,"joint":"static","name":"base_body","parts":[{"id":5,"name":"base_body"}],"jointData":{}}]