[{"id": 0, "parent": 2, "joint": "slider", "name": "lid", "parts": [{"id": 1, "name": "lid"}], "jointData": {"axis": {"origin": [0.0, 0.0, 0.0], "direction": [0.0, 1.0, 0.0]}, "limit": {"a": 0, "b": 0.01, "noLimit": false, "rotates": false, "noRotationLimit": false, "rotationLimit": 0}}}, {"id": 1, "parent": 2, "joint": "hinge", "name": "lever", "parts": [{"id": 3, "name": "button"}], "jointData": {"axis": {"origin": [0.0, -0.591363688827684, -0.5589183487445102], "direction": [1.0, 0.0, 0.0]}, "limit": {"a": 0, "b": -15, "noLimit": false}}}, {"id": 2, "parent": -1, "joint": "free", "name": "base_body", "parts": [{"id": 2, "name": "handle"}, {"id": 4, "name": "base_body"}], "jointData": {}}]