[{"id":0,"parent":2,"joint":"slider","name":"button","parts":[{"id":1,"name":"button"}],"jointData":{"axis":{"origin":[-0.01733699208834527,0.3954953545744371,0.10362207373684917],"direction":[0,0.9659223465383479,0.25883203135982175]},"limit":{"a":0,"b":-0.03,"noLimit":false,"rotates":false,"noRotationLimit":false,"rotationLimit":0}}},{"id":1,"parent":2,"joint":"hinge","name":"wheel","parts":[{"id":2,"name":"wheel"}],"jointData":{"axis":{"origin":[0,0.06583284788106505,0.540724],"direction":[1,0,0]},"limit":{"a":0,"b":0,"noLimit":true}}},{"id":2,"parent":-1,"joint":"free","name":"base_body","parts":[{"id":3,"name":"base_body"}],"jointData":{}}]