[{"text": "Mouse", "name": "Mouse", "id": 0, "children": [{"text": "button", "name": "button", "id": 1, "objs": ["original-65"]}, {"text": "wheel", "name": "wheel", "id": 2, "objs": ["original-63", "original-62", "original-61"]}, {"text": "base_body", "name": "base_body", "id": 3, "objs": ["original-29", "original-21", "original-30", "original-36", "original-41", "original-28", "original-64", "original-43", "original-52", "original-22", "original-26", "original-4", "original-3", "original-33", "original-2", "original-44", "original-16", "original-8", "original-13", "original-9", "original-45", "original-35", "original-49", "original-39", "original-59", "original-5", "original-54", "original-27", "original-51", "original-55", "original-50", "original-6", "original-31", "original-37", "original-48", "original-15", "original-56", "original-23", "original-66", "original-58", "original-11", "original-38", "original-34", "original-18", "original-25", "original-17", "original-12", "original-42", "original-24", "original-20", "original-32", "original-47", "original-53", "original-7", "original-1", "original-10", "original-14", "original-60", "original-19", "original-40", "original-46", "original-57"]}]}]