[{"id":0,"parent":1,"joint":"hinge","name":"nose","parts":[{"id":1,"name":"handle"}],"jointData":{"axis":{"origin":[0.0993473436207748,0.8843194583468035,0.2927493574344986],"direction":[0.9950291690456936,0.06015729082584178,0.07936027412207948]},"limit":{"a":0,"b":-100,"noLimit":false}}},{"id":1,"parent":2,"joint":"slider","name":"head","parts":[{"id":3,"name":"head"}],"jointData":{"axis":{"origin":[-0.005958419651725999,0,-0.04778020013573008],"direction":[0,1,0]},"limit":{"a":0,"b":0.04,"noLimit":false,"rotates":true,"noRotationLimit":false,"rotationLimit":180}}},{"id":2,"parent":-1,"joint":"free","name":"base_body","parts":[{"id":4,"name":"base_body"}],"jointData":{}}]