[{"text": "Dispenser", "name": "Dispenser", "id": 0, "children": [{"text": "handle", "name": "handle", "id": 1, "objs": ["original-5", "original-9", "original-10", "original-6", "original-11", "original-7"]}, {"text": "head (other)", "name": "other", "id": 2, "children": [{"text": "other_leaf", "name": "head", "id": 3, "objs": ["original-20", "original-42", "original-21", "original-43"]}]}, {"text": "base_body", "name": "base_body", "id": 4, "objs": ["original-30", "original-36", "original-28", "original-22", "original-26", "original-33", "original-44", "original-16", "original-13", "original-35", "original-39", "original-27", "original-31", "original-37", "original-15", "original-23", "original-38", "original-34", "original-18", "original-25", "original-17", "original-24", "original-32", "original-1", "original-14", "original-19", "original-40"]}]}]