[{"id":0,"parent":-1,"joint":"static","name":"outside_frame","parts":[{"id":1,"name":"outside_frame","children":[]}],"jointData":{}},{"id":1,"parent":0,"joint":"hinge","name":"surface_board","parts":[{"id":4,"name":"surface_board","children":[]}],"jointData":{"axis":{"origin":[0.6565763310656445,0.6039490103721619,-0.2868443977383123],"direction":[0,1,0]},"limit":{"a":-90,"b":0,"noLimit":false}}},{"id":2,"parent":0,"joint":"hinge","name":"surface_board","parts":[{"id":5,"name":"surface_board","children":[]}],"jointData":{"axis":{"origin":[-0.6563044937505024,0.6039490103721619,-0.278828785368932],"direction":[0,1,0]},"limit":{"a":90,"b":0,"noLimit":false}}}]