[{"objs": ["original-3", "original-1", "original-2"], "id": 0, "ori_id": 0, "children": [{"text": "outside_frame", "id": 1, "ori_id": 1, "name": "outside_frame", "objs": ["original-3"]}, {"objs": ["original-1", "original-2"], "id": 2, "ori_id": 2, "children": [{"objs": ["original-1", "original-2"], "id": 3, "ori_id": 3, "children": [{"text": "surface_board", "id": 4, "ori_id": 4, "name": "surface_board", "objs": ["original-1"]}, {"text": "surface_board", "id": 5, "ori_id": 5, "name": "surface_board", "objs": ["original-2"]}], "text": "door_body", "name": "door_body"}], "text": "door", "name": "door"}], "text": "door_set", "name": "door_set"}]