[{"name": "faucet", "id": 0, "objs": ["new-1", "original-1", "new-0", "original-3", "original-2"], "children": [{"name": "normal_faucet", "id": 1, "objs": ["new-1", "original-1", "new-0", "original-3", "original-2"], "children": [{"objs": ["new-1", "original-1"], "text": "switch", "name": "switch", "ori_id": 10, "id": 2}, {"name": "frame", "id": 3, "objs": ["new-0"], "children": [{"objs": ["new-0"], "text": "vertical_support", "name": "vertical_support", "ori_id": 15, "id": 4}], "text": "frame", "ori_id": 11}, {"name": "spout", "id": 5, "objs": ["original-3", "original-2"], "children": [{"objs": ["original-3"], "text": "tube", "name": "tube", "ori_id": 13, "id": 6}], "text": "spout", "ori_id": 12}], "text": "normal_faucet", "ori_id": 9}], "text": "faucet", "ori_id": 0}]