[{"text": "Faucet", "children": [{"text": "Normal Faucet", "children": [{"text": "Switch", "objs": ["new-1", "original-1"], "id": 10, "name": "switch"}, {"text": "Frame", "children": [{"text": "Vertical Support", "objs": ["new-0"], "id": 15, "name": "vertical_support"}], "id": 11, "name": "frame"}, {"text": "Spout", "children": [{"text": "Tube", "objs": ["original-3"], "id": 13, "name": "tube"}, {"text": "Mouth", "objs": ["original-2"], "id": 14, "name": "mouth"}], "id": 12, "name": "spout"}], "id": 9, "name": "normal_faucet"}], "id": 0, "name": "faucet"}]