[{"id":0,"parent":3,"joint":"hinge","name":"switch","parts":[{"id":18,"name":"switch","children":[]}],"jointData":{"axis":{"origin":[-0.48746849999999997,0,-0.0790005],"direction":[0,1,0]},"limit":{"a":0,"b":90,"noLimit":false}}},{"id":1,"parent":3,"joint":"hinge","name":"switch","parts":[{"id":19,"name":"switch","children":[]}],"jointData":{"axis":{"origin":[0.4956825,0,-0.07900049999999996],"direction":[0,1,0]},"limit":{"a":0,"b":-90,"noLimit":false}}},{"id":2,"parent":3,"joint":"hinge","name":"spout","parts":[{"id":24,"name":"tube","children":[]},{"id":25,"name":"head","children":[]},{"id":26,"name":"mouth","children":[]}],"jointData":{"axis":{"origin":[0.004107500000000028,0,-0.0790015],"direction":[0,1,0]},"limit":{"a":0,"b":0,"noLimit":true}}},{"id":3,"parent":-1,"joint":"static","name":"frame","parts":[{"id":31,"name":"surface_base","children":[]},{"id":32,"name":"vertical_support","children":[]},{"id":29,"name":"surface_base","children":[]},{"id":30,"name":"vertical_support","children":[]},{"id":27,"name":"surface_base","children":[]},{"id":28,"name":"vertical_support","children":[]}],"jointData":{}}]