[{"ori_id": 0, "objs": ["new-10", "original-7", "new-6", "original-5", "new-8", "new-7", "new-12", "new-11", "new-4", "new-14", "original-3", "new-0", "new-1"], "children": [{"ori_id": 17, "objs": ["new-10", "original-7", "new-6", "original-5", "new-8", "new-7", "new-12", "new-11", "new-4", "new-14", "original-3", "new-0", "new-1"], "children": [{"ori_id": 18, "objs": ["new-10", "original-7"], "name": "switch", "id": 2, "text": "switch"}, {"ori_id": 19, "objs": ["new-6", "original-5"], "name": "switch", "id": 3, "text": "switch"}, {"ori_id": 20, "objs": ["new-8", "new-7"], "children": [{"ori_id": 31, "objs": ["new-8"], "name": "surface_base", "id": 5, "text": "surface_base"}, {"ori_id": 32, "objs": ["new-7"], "name": "vertical_support", "id": 6, "text": "vertical_support"}], "name": "frame", "id": 4, "text": "frame"}, {"ori_id": 21, "objs": ["new-12", "new-11"], "children": [{"ori_id": 29, "objs": ["new-12"], "name": "surface_base", "id": 8, "text": "surface_base"}, {"ori_id": 30, "objs": ["new-11"], "name": "vertical_support", "id": 9, "text": "vertical_support"}], "name": "frame", "id": 7, "text": "frame"}, {"ori_id": 22, "objs": ["new-4", "new-14"], "children": [{"ori_id": 27, "objs": ["new-4"], "name": "surface_base", "id": 11, "text": "surface_base"}, {"ori_id": 28, "objs": ["new-14"], "name": "vertical_support", "id": 12, "text": "vertical_support"}], "name": "frame", "id": 10, "text": "frame"}, {"ori_id": 23, "objs": ["original-3", "new-0", "new-1"], "children": [{"ori_id": 24, "objs": ["original-3"], "name": "tube", "id": 14, "text": "tube"}], "name": "spout", "id": 13, "text": "spout"}], "name": "normal_faucet", "id": 1, "text": "normal_faucet"}], "name": "faucet", "id": 0, "text": "faucet"}]