[{"text": "Faucet", "children": [{"text": "Normal Faucet", "children": [{"text": "Switch", "objs": ["new-10", "original-7"], "id": 18, "name": "switch"}, {"text": "Switch", "objs": ["new-6", "original-5"], "id": 19, "name": "switch"}, {"text": "Frame", "children": [{"text": "Surface Base", "objs": ["new-8"], "id": 31, "name": "surface_base"}, {"text": "Vertical Support", "objs": ["new-7"], "id": 32, "name": "vertical_support"}], "id": 20, "name": "frame"}, {"text": "Frame", "children": [{"text": "Surface Base", "objs": ["new-12"], "id": 29, "name": "surface_base"}, {"text": "Vertical Support", "objs": ["new-11"], "id": 30, "name": "vertical_support"}], "id": 21, "name": "frame"}, {"text": "Frame", "children": [{"text": "Surface Base", "objs": ["new-4"], "id": 27, "name": "surface_base"}, {"text": "Vertical Support", "objs": ["new-14"], "id": 28, "name": "vertical_support"}], "id": 22, "name": "frame"}, {"text": "Spout", "children": [{"text": "Tube", "objs": ["original-3"], "id": 24, "name": "tube"}, {"text": "Head", "objs": ["new-0"], "id": 25, "name": "head"}, {"text": "Mouth", "objs": ["new-1"], "id": 26, "name": "mouth"}], "id": 23, "name": "spout"}], "id": 17, "name": "normal_faucet"}], "id": 0, "name": "faucet"}]