[{"id": 0, "name": "Box", "text": "Box", "children": [{"id": 1, "name": "rotation_lid", "text": "rotation_lid", "objs": ["original-75", "original-119", "original-116", "original-104", "original-76", "original-78", "original-100", "original-101", "original-122", "original-109", "original-118", "original-81", "original-103", "original-121", "original-120", "original-130", "original-128", "original-129", "original-107", "original-79", "original-93", "original-84", "original-92", "original-85", "original-86", "original-95", "original-89", "original-94", "original-88", "original-87", "original-117", "original-102", "original-77", "original-96", "original-112", "original-108", "original-115", "original-80", "original-90", "original-113", "original-91", "original-114", "original-83", "original-106", "original-110", "original-111", "original-97", "original-98", "original-124", "original-126", "original-125", "original-82", "original-105"]}]}]