[{"text": "Box", "name": "Box", "id": 0, "children": [{"text": "rotation_lid", "name": "rotation_lid", "id": 1, "objs": ["original-75", "original-119", "original-116", "original-104", "original-76", "original-78", "original-100", "original-101", "original-122", "original-109", "original-118", "original-81", "original-103", "original-121", "original-120", "original-130", "original-128", "original-129", "original-107", "original-79", "original-93", "original-84", "original-92", "original-85", "original-86", "original-95", "original-89", "original-94", "original-88", "original-87", "original-117", "original-102", "original-77", "original-96", "original-112", "original-108", "original-115", "original-80", "original-90", "original-113", "original-91", "original-114", "original-83", "original-106", "original-110", "original-111", "original-97", "original-98", "original-124", "original-126", "original-125", "original-82", "original-105"]}, {"text": "base_body", "name": "base_body", "id": 2, "objs": ["original-30", "original-36", "original-41", "original-28", "original-64", "original-43", "original-71", "original-52", "original-22", "original-4", "original-3", "original-65", "original-33", "original-44", "original-16", "original-8", "original-13", "original-9", "original-45", "original-49", "original-61", "original-39", "original-59", "original-5", "original-54", "original-27", "original-51", "original-55", "original-50", "original-6", "original-31", "original-37", "original-48", "original-15", "original-56", "original-72", "original-62", "original-23", "original-66", "original-58", "original-67", "original-11", "original-38", "original-68", "original-34", "original-18", "original-70", "original-25", "original-17", "original-12", "original-42", "original-24", "original-20", "original-32", "original-47", "original-53", "original-7", "original-10", "original-14", "original-19", "original-40", "original-46", "original-57"]}]}]