[{"id":0,"parent":1,"joint":"slider","name":"button","parts":[{"id":4,"name":"pressing_lid"}],"jointData":{"axis":{"origin":[0,0,0],"direction":[0,1,0]},"limit":{"a":0,"b":-0.05,"noLimit":false,"rotates":false,"noRotationLimit":false,"rotationLimit":0}}},{"id":1,"parent":2,"joint":"slider","name":"head","parts":[{"id":6,"name":"head"}],"jointData":{"axis":{"origin":[-0.017747506009423705,0,0.027269471877080162],"direction":[0,1,0]},"limit":{"a":0,"b":0.05,"noLimit":false,"rotates":true,"noRotationLimit":false,"rotationLimit":180}}},{"id":2,"parent":-1,"joint":"free","name":"base_body","parts":[{"id":7,"name":"base_body"}],"jointData":{}}]