[{"id":0,"parent":1,"joint":"hinge","name":"hinge","parts":[{"id":2,"name":"hinge","children":[]},{"id":12,"name":"surface_board","children":[]},{"id":13,"name":"fixed_part","children":[]},{"id":14,"name":"fixed_part","children":[]},{"id":18,"name":"other_leaf","children":[]}],"jointData":{"axis":{"origin":[0.08673980376538488,0.7952650000000001,0.18819086412512087],"direction":[0,-1,0]},"limit":{"a":-90,"b":0,"noLimit":false}}},{"id":1,"parent":-1,"joint":"static","name":"outside_frame","parts":[{"id":1,"name":"outside_frame","children":[]},{"id":17,"name":"other_leaf","children":[]}],"jointData":{}},{"id":2,"parent":0,"joint":"hinge","name":"movable_part","parts":[{"id":10,"name":"movable_part","children":[]},{"id":11,"name":"movable_part","children":[]}],"jointData":{"axis":{"origin":[0.18435788320465984,0.12307090772813102,-0.38532426935175557],"direction":[0.9986297123191898,-7.198181952277914e-26,0.05233256799825409]},"limit":{"a":0,"b":0,"noLimit":true}}}]