[{"children": [{"ori_id": 1, "text": "outside_frame", "objs": ["original-8", "original-4", "original-2", "original-3", "original-7", "original-6", "original-5", "original-9", "original-1"], "id": 1, "name": "outside_frame"}, {"children": [{"children": [{"ori_id": 12, "text": "surface_board", "objs": ["original-17"], "id": 4, "name": "surface_board"}], "id": 3, "name": "door_body", "ori_id": 4, "objs": ["original-17"], "text": "door_body"}, {"children": [{"ori_id": 10, "text": "movable_part", "objs": ["original-21", "original-20"], "id": 6, "name": "movable_part"}, {"ori_id": 11, "text": "movable_part", "objs": ["original-25", "original-24"], "id": 7, "name": "movable_part"}, {"ori_id": 13, "text": "fixed_part", "objs": ["original-26"], "id": 8, "name": "fixed_part"}, {"ori_id": 14, "text": "fixed_part", "objs": ["original-22"], "id": 9, "name": "fixed_part"}], "id": 5, "name": "handle", "ori_id": 5, "objs": ["original-21", "original-20", "original-25", "original-24", "original-26", "original-22", "original-18", "original-14", "original-15", "original-11"], "text": "handle"}], "id": 2, "name": "door", "ori_id": 3, "objs": ["original-17", "original-21", "original-20", "original-25", "original-24", "original-26", "original-22", "original-18", "original-14", "original-15", "original-11"], "text": "door"}], "id": 0, "name": "door_set", "ori_id": 0, "objs": ["original-8", "original-4", "original-2", "original-3", "original-7", "original-6", "original-5", "original-9", "original-1", "original-38", "original-37", "original-36", "original-35", "original-34", "original-28", "original-29", "original-32", "original-30", "original-42", "original-40", "original-41", "original-43", "original-44", "original-31", "original-17", "original-21", "original-20", "original-25", "original-24", "original-26", "original-22", "original-18", "original-14", "original-15", "original-11"], "text": "door_set"}]