[{"text": "Door Set", "children": [{"text": "Outside Frame", "objs": ["original-8", "original-4", "original-2", "original-3", "original-7", "original-6", "original-5", "original-9", "original-1"], "id": 1, "name": "outside_frame"}, {"text": "Hinge", "objs": ["original-38", "original-37", "original-36", "original-35", "original-34", "original-28", "original-29", "original-32", "original-30", "original-42", "original-40", "original-41", "original-43", "original-44", "original-31"], "id": 2, "name": "hinge"}, {"text": "Door", "children": [{"text": "Door Body", "children": [{"text": "Surface board", "objs": ["original-17"], "id": 12, "name": "surface_board"}], "id": 4, "name": "door_body"}, {"text": "Handle", "children": [{"text": "Door Handle Movable Part", "objs": ["original-21", "original-20"], "id": 10, "name": "movable_part"}, {"text": "Door Handle Movable Part", "objs": ["original-25", "original-24"], "id": 11, "name": "movable_part"}, {"text": "Door Handle Fixed Part", "objs": ["original-26"], "id": 13, "name": "fixed_part"}, {"text": "Door Handle Fixed Part", "objs": ["original-22"], "id": 14, "name": "fixed_part"}, {"text": "Door lock (other)", "children": [{"text": "other_leaf", "objs": ["original-18", "original-14", "original-15"], "id": 18, "name": "other_leaf"}], "id": 15, "name": "other"}, {"text": "keyhole (other)", "children": [{"text": "other_leaf", "objs": ["original-11"], "id": 17, "name": "other_leaf"}], "id": 16, "name": "other"}], "id": 5, "name": "handle"}], "id": 3, "name": "door"}], "id": 0, "name": "door_set"}]