[{"text": "Switch", "name": "Switch", "id": 0, "children": [{"text": "switch", "name": "switch", "id": 1, "objs": ["original-18"]}, {"text": "base_body", "name": "base_body", "id": 2, "objs": ["original-29", "original-28", "original-22", "original-26", "original-4", "original-3", "original-2", "original-16", "original-8", "original-13", "original-9", "original-5", "original-27", "original-6", "original-15", "original-23", "original-11", "original-25", "original-17", "original-12", "original-7", "original-10", "original-14", "original-19"]}]}]