[{"text": "KitchenPot", "name": "KitchenPot", "id": 0, "children": [{"text": "lid", "name": "lid", "id": 1, "objs": ["original-10"]}, {"text": "base_body", "name": "base_body", "id": 2, "objs": ["original-21", "original-22", "original-4", "original-3", "original-16", "original-8", "original-13", "original-9", "original-5", "original-15", "original-23", "original-18", "original-25", "original-17", "original-12", "original-24", "original-20", "original-7", "original-1", "original-14", "original-19"]}]}]