[{"id":0,"parent":1,"joint":"hinge","name":"door","parts":[{"id":4,"name":"door_frame","children":[]},{"id":5,"name":"glass","children":[]}],"jointData":{"axis":{"origin":[-0.7058742761898295,-0.48281856256547884,0.36211990929395055],"direction":[-0.00006936425785312677,-0.9999999975942997,0]},"limit":{"a":0,"b":90,"noLimit":false}}},{"id":1,"parent":-1,"joint":"heavy","name":"frame","parts":[{"id":2,"name":"frame","children":[]},{"id":8,"name":"control_button","children":[]},{"id":9,"name":"control_button","children":[]},{"id":10,"name":"control_button","children":[]},{"id":11,"name":"control_button","children":[]},{"id":12,"name":"control_button","children":[]},{"id":13,"name":"control_button","children":[]},{"id":14,"name":"control_button","children":[]},{"id":15,"name":"control_button","children":[]},{"id":16,"name":"control_button","children":[]},{"id":17,"name":"control_button","children":[]},{"id":18,"name":"control_button","children":[]},{"id":19,"name":"control_button","children":[]},{"id":20,"name":"control_button","children":[]},{"id":21,"name":"control_button","children":[]},{"id":22,"name":"control_button","children":[]},{"id":23,"name":"control_button","children":[]},{"id":24,"name":"control_button","children":[]},{"id":25,"name":"control_button","children":[]},{"id":26,"name":"control_button","children":[]},{"id":27,"name":"control_button","children":[]},{"id":28,"name":"control_button","children":[]},{"id":29,"name":"control_button","children":[]},{"id":30,"name":"control_button","children":[]},{"id":31,"name":"control_button","children":[]},{"id":32,"name":"display_panel","children":[]},{"id":33,"name":"control_button","children":[]},{"id":34,"name":"control_button","children":[]},{"id":35,"name":"control_button","children":[]},{"id":36,"name":"control_button","children":[]},{"id":37,"name":"control_button","children":[]},{"id":38,"name":"control_button","children":[]},{"id":39,"name":"control_button","children":[]},{"id":40,"name":"control_button","children":[]}],"jointData":{}}]