[{"text": "microwave", "children": [{"text": "body", "children": [{"name": "frame", "id": 2, "objs": ["original-3", "original-5"], "ori_id": 2, "text": "frame"}, {"text": "door", "children": [{"name": "door_frame", "id": 4, "objs": ["original-6", "original-4", "original-1"], "ori_id": 4, "text": "door_frame"}, {"name": "glass", "id": 5, "objs": ["original-15"], "ori_id": 5, "text": "glass"}], "objs": ["original-6", "original-4", "original-1", "original-15"], "name": "door", "ori_id": 3, "id": 3}], "objs": ["original-3", "original-5", "original-6", "original-4", "original-1", "original-15", "original-55", "original-32", "original-24", "original-38", "original-34", "original-40", "original-33", "original-52", "original-47", "original-36", "original-27", "original-37", "original-35", "original-23", "original-29", "original-46", "original-20", "original-28", "original-25", "original-39", "original-17", "original-21", "original-22", "original-18", "original-7", "original-19", "original-31", "original-26", "original-30", "original-43", "original-13", "original-16", "original-12", "original-50"], "name": "body", "ori_id": 1, "id": 1}], "objs": ["original-3", "original-5", "original-6", "original-4", "original-1", "original-15", "original-55", "original-32", "original-24", "original-38", "original-34", "original-40", "original-33", "original-52", "original-47", "original-36", "original-27", "original-37", "original-35", "original-23", "original-29", "original-46", "original-20", "original-28", "original-25", "original-39", "original-17", "original-21", "original-22", "original-18", "original-7", "original-19", "original-31", "original-26", "original-30", "original-43", "original-13", "original-16", "original-12", "original-50"], "name": "microwave", "ori_id": 0, "id": 0}]