[{"text": "Microwave", "children": [{"text": "Body", "children": [{"text": "Frame", "objs": ["original-3", "original-5"], "id": 2, "name": "frame"}, {"text": "Door", "children": [{"text": "Door Frame", "objs": ["original-6", "original-4", "original-1"], "id": 4, "name": "door_frame"}, {"text": "Door Glass", "objs": ["original-15"], "id": 5, "name": "glass"}], "id": 3, "name": "door"}, {"text": "Side Controls", "children": [{"text": "Control Button", "objs": ["original-55"], "id": 8, "name": "control_button"}, {"text": "Control Button", "objs": ["original-32"], "id": 9, "name": "control_button"}, {"text": "Control Button", "objs": ["original-24"], "id": 10, "name": "control_button"}, {"text": "Control Button", "objs": ["original-38"], "id": 11, "name": "control_button"}, {"text": "Control Button", "objs": ["original-34"], "id": 12, "name": "control_button"}, {"text": "Control Button", "objs": ["original-40"], "id": 13, "name": "control_button"}, {"text": "Control Button", "objs": ["original-33"], "id": 14, "name": "control_button"}, {"text": "Control Button", "objs": ["original-52"], "id": 15, "name": "control_button"}, {"text": "Control Button", "objs": ["original-47"], "id": 16, "name": "control_button"}, {"text": "Control Button", "objs": ["original-36"], "id": 17, "name": "control_button"}, {"text": "Control Button", "objs": ["original-27"], "id": 18, "name": "control_button"}, {"text": "Control Button", "objs": ["original-37"], "id": 19, "name": "control_button"}, {"text": "Control Button", "objs": ["original-35"], "id": 20, "name": "control_button"}, {"text": "Control Button", "objs": ["original-23"], "id": 21, "name": "control_button"}, {"text": "Control Button", "objs": ["original-29"], "id": 22, "name": "control_button"}, {"text": "Control Button", "objs": ["original-46"], "id": 23, "name": "control_button"}, {"text": "Control Button", "objs": ["original-20"], "id": 24, "name": "control_button"}, {"text": "Control Button", "objs": ["original-28"], "id": 25, "name": "control_button"}, {"text": "Control Button", "objs": ["original-25"], "id": 26, "name": "control_button"}, {"text": "Control Button", "objs": ["original-39"], "id": 27, "name": "control_button"}, {"text": "Control Button", "objs": ["original-17"], "id": 28, "name": "control_button"}, {"text": "Control Button", "objs": ["original-21"], "id": 29, "name": "control_button"}, {"text": "Control Button", "objs": ["original-22"], "id": 30, "name": "control_button"}, {"text": "Control Button", "objs": ["original-18"], "id": 31, "name": "control_button"}, {"text": "Display Panel", "objs": ["original-7", "original-19"], "id": 32, "name": "display_panel"}, {"text": "Control Button", "objs": ["original-31"], "id": 33, "name": "control_button"}, {"text": "Control Button", "objs": ["original-26"], "id": 34, "name": "control_button"}, {"text": "Control Button", "objs": ["original-30"], "id": 35, "name": "control_button"}, {"text": "Control Button", "objs": ["original-43"], "id": 36, "name": "control_button"}, {"text": "Control Button", "objs": ["original-13"], "id": 37, "name": "control_button"}, {"text": "Control Button", "objs": ["original-16"], "id": 38, "name": "control_button"}, {"text": "Control Button", "objs": ["original-12"], "id": 39, "name": "control_button"}, {"text": "Control Button", "objs": ["original-50"], "id": 40, "name": "control_button"}], "id": 6, "name": "side_controls"}], "id": 1, "name": "body"}], "id": 0, "name": "microwave"}]