[{"id": 0, "name": "Fan", "text": "Fan", "children": [{"id": 1, "name": "fan", "text": "fan", "objs": ["original-32", "original-35", "original-34", "original-33", "original-2", "original-9", "original-11", "original-15", "original-16", "original-19", "original-21", "original-22", "original-26", "original-27", "original-6", "original-7", "original-8", "original-10", "original-12", "original-13", "original-14", "original-18", "original-24", "original-17", "original-20", "original-23", "original-30", "original-25", "original-29", "original-28", "original-36", "original-31", "original-1", "original-3", "original-4", "original-5"]}]}]