[{"id":0,"parent":1,"joint":"hinge","name":"frame_vertical_bar","parts":[{"id":60,"name":"frame_vertical_bar","children":[]},{"id":61,"name":"frame_vertical_bar","children":[]},{"id":62,"name":"frame_vertical_bar","children":[]},{"id":63,"name":"frame_vertical_bar","children":[]},{"id":64,"name":"frame_vertical_bar","children":[]},{"id":65,"name":"frame_vertical_bar","children":[]},{"id":66,"name":"frame_vertical_bar","children":[]},{"id":67,"name":"frame_vertical_bar","children":[]},{"id":68,"name":"frame_vertical_bar","children":[]},{"id":69,"name":"frame_vertical_bar","children":[]},{"id":70,"name":"frame_vertical_bar","children":[]},{"id":71,"name":"frame_vertical_bar","children":[]},{"id":72,"name":"frame_vertical_bar","children":[]},{"id":73,"name":"frame_vertical_bar","children":[]},{"id":74,"name":"frame_vertical_bar","children":[]},{"id":75,"name":"frame_vertical_bar","children":[]},{"id":76,"name":"frame_vertical_bar","children":[]},{"id":77,"name":"frame_vertical_bar","children":[]},{"id":84,"name":"frame_horizontal_bar","children":[]}],"jointData":{"axis":{"origin":[0.3793224014238662,0.5995170000000001,0.05134234720300355],"direction":[0,1,0]},"limit":{"a":-60.120000000000005,"b":116.64,"noLimit":false}}},{"id":1,"parent":-1,"joint":"free","name":"frame_vertical_bar","parts":[{"id":85,"name":"frame_vertical_bar","children":[]},{"id":86,"name":"frame_vertical_bar","children":[]},{"id":87,"name":"frame_vertical_bar","children":[]},{"id":88,"name":"frame_vertical_bar","children":[]},{"id":89,"name":"frame_vertical_bar","children":[]},{"id":90,"name":"frame_vertical_bar","children":[]},{"id":91,"name":"frame_vertical_bar","children":[]},{"id":92,"name":"frame_vertical_bar","children":[]},{"id":78,"name":"frame_vertical_bar","children":[]},{"id":79,"name":"frame_vertical_bar","children":[]},{"id":80,"name":"container_box","children":[]},{"id":6,"name":"side_surface","children":[]},{"id":82,"name":"cover_lid","children":[]},{"id":83,"name":"cover_frame","children":[]},{"id":10,"name":"frame_vertical_bar","children":[]},{"id":11,"name":"frame_vertical_bar","children":[]},{"id":12,"name":"frame_vertical_bar","children":[]},{"id":13,"name":"frame_vertical_bar","children":[]},{"id":14,"name":"frame_vertical_bar","children":[]},{"id":15,"name":"frame_vertical_bar","children":[]},{"id":16,"name":"frame_vertical_bar","children":[]},{"id":17,"name":"frame_vertical_bar","children":[]},{"id":18,"name":"frame_vertical_bar","children":[]},{"id":19,"name":"frame_vertical_bar","children":[]},{"id":20,"name":"frame_vertical_bar","children":[]},{"id":21,"name":"frame_vertical_bar","children":[]},{"id":22,"name":"frame_vertical_bar","children":[]},{"id":23,"name":"frame_vertical_bar","children":[]},{"id":24,"name":"frame_vertical_bar","children":[]},{"id":25,"name":"frame_vertical_bar","children":[]},{"id":26,"name":"frame_vertical_bar","children":[]},{"id":27,"name":"frame_vertical_bar","children":[]},{"id":28,"name":"frame_vertical_bar","children":[]},{"id":29,"name":"frame_vertical_bar","children":[]},{"id":30,"name":"frame_vertical_bar","children":[]},{"id":31,"name":"frame_vertical_bar","children":[]},{"id":32,"name":"frame_vertical_bar","children":[]},{"id":33,"name":"frame_vertical_bar","children":[]},{"id":34,"name":"frame_vertical_bar","children":[]},{"id":35,"name":"frame_vertical_bar","children":[]},{"id":36,"name":"frame_vertical_bar","children":[]},{"id":37,"name":"frame_vertical_bar","children":[]},{"id":38,"name":"frame_vertical_bar","children":[]},{"id":39,"name":"frame_vertical_bar","children":[]},{"id":40,"name":"frame_vertical_bar","children":[]},{"id":41,"name":"frame_vertical_bar","children":[]},{"id":42,"name":"frame_vertical_bar","children":[]},{"id":43,"name":"frame_vertical_bar","children":[]},{"id":44,"name":"frame_vertical_bar","children":[]},{"id":45,"name":"frame_vertical_bar","children":[]},{"id":46,"name":"frame_vertical_bar","children":[]},{"id":47,"name":"frame_vertical_bar","children":[]},{"id":48,"name":"frame_vertical_bar","children":[]},{"id":49,"name":"frame_vertical_bar","children":[]},{"id":50,"name":"frame_vertical_bar","children":[]},{"id":51,"name":"frame_vertical_bar","children":[]},{"id":52,"name":"frame_vertical_bar","children":[]},{"id":53,"name":"frame_vertical_bar","children":[]},{"id":54,"name":"frame_vertical_bar","children":[]},{"id":55,"name":"frame_vertical_bar","children":[]},{"id":56,"name":"frame_vertical_bar","children":[]},{"id":57,"name":"frame_vertical_bar","children":[]},{"id":58,"name":"frame_vertical_bar","children":[]},{"id":59,"name":"frame_vertical_bar","children":[]}],"jointData":{}}]