[{"name": "trash_can", "objs": ["original-52", "original-23", "original-90", "original-59", "original-54", "original-80", "original-67", "original-79", "original-75", "original-69", "original-85", "original-87", "original-62", "original-57", "original-68", "original-56", "original-78", "original-76", "original-72", "original-60", "original-66", "original-88", "original-83", "original-64", "original-70", "original-74", "original-58", "original-63", "original-45", "original-42", "original-48", "original-31", "original-35", "original-36", "original-37", "original-24", "original-44", "original-43", "original-33", "original-29", "original-34", "original-38", "original-25", "original-27", "original-61", "original-32", "original-46", "original-30", "original-47", "original-40", "original-41", "original-28", "original-39", "original-20", "original-11", "original-5", "original-3", "original-14", "original-12", "original-2", "original-9", "original-13", "original-10", "original-18", "original-19", "original-15", "original-16", "original-17", "original-7", "original-8", "original-6", "original-84", "original-82", "original-4", "original-86", "original-89", "original-77", "original-73", "original-65", "original-81", "original-71", "original-55", "original-26", "original-51", "original-49", "original-50"], "id": 0, "text": "trash_can", "children": [{"name": "cover", "objs": ["original-52", "original-23"], "id": 1, "text": "cover", "children": [{"name": "cover_lid", "text": "cover_lid", "objs": ["original-52"], "id": 2, "ori_id": 82}], "ori_id": 1}, {"name": "container", "objs": ["original-90"], "id": 3, "text": "container", "children": [{"name": "container_box", "text": "container_box", "objs": ["original-90"], "id": 4, "ori_id": 80}], "ori_id": 2}, {"name": "outside_frame", "objs": ["original-59", "original-54", "original-80", "original-67", "original-79", "original-75", "original-69", "original-85", "original-87", "original-62", "original-57", "original-68", "original-56", "original-78", "original-76", "original-72", "original-60", "original-66", "original-88", "original-83", "original-64", "original-70", "original-74", "original-58", "original-63", "original-45", "original-42", "original-48", "original-31", "original-35", "original-36", "original-37", "original-24", "original-44", "original-43", "original-33", "original-29", "original-34", "original-38", "original-25", "original-27", "original-61", "original-32", "original-46", "original-30", "original-47", "original-40", "original-41", "original-28", "original-39", "original-20", "original-11", "original-5", "original-3", "original-14", "original-12", "original-2", "original-9", "original-13", "original-10", "original-18", "original-19", "original-15", "original-16", "original-17", "original-7", "original-8", "original-6", "original-84", "original-82", "original-4", "original-86", "original-89", "original-77", "original-73", "original-65", "original-81", "original-71", "original-55"], "id": 5, "text": "outside_frame", "children": [{"name": "frame_vertical_bar", "text": "frame_vertical_bar", "objs": ["original-59"], "id": 6, "ori_id": 10}, {"name": "frame_vertical_bar", "text": "frame_vertical_bar", "objs": ["original-54"], "id": 7, "ori_id": 11}, {"name": "frame_vertical_bar", "text": "frame_vertical_bar", "objs": ["original-80"], "id": 8, "ori_id": 12}, {"name": "frame_vertical_bar", "text": "frame_vertical_bar", "objs": ["original-67"], "id": 9, "ori_id": 13}, {"name": "frame_vertical_bar", "text": "frame_vertical_bar", "objs": ["original-79"], "id": 10, "ori_id": 14}, {"name": "frame_vertical_bar", "text": "frame_vertical_bar", "objs": ["original-75"], "id": 11, "ori_id": 15}, {"name": "frame_vertical_bar", "text": "frame_vertical_bar", "objs": ["original-69"], "id": 12, "ori_id": 16}, {"name": "frame_vertical_bar", "text": "frame_vertical_bar", "objs": ["original-85"], "id": 13, "ori_id": 17}, {"name": "frame_vertical_bar", "text": "frame_vertical_bar", "objs": ["original-87"], "id": 14, "ori_id": 18}, {"name": "frame_vertical_bar", "text": "frame_vertical_bar", "objs": ["original-62"], "id": 15, "ori_id": 19}, {"name": "frame_vertical_bar", "text": "frame_vertical_bar", "objs": ["original-57"], "id": 16, "ori_id": 20}, {"name": "frame_vertical_bar", "text": "frame_vertical_bar", "objs": ["original-68"], "id": 17, "ori_id": 21}, {"name": "frame_vertical_bar", "text": "frame_vertical_bar", "objs": ["original-56"], "id": 18, "ori_id": 22}, {"name": "frame_vertical_bar", "text": "frame_vertical_bar", "objs": ["original-78"], "id": 19, "ori_id": 23}, {"name": "frame_vertical_bar", "text": "frame_vertical_bar", "objs": ["original-76"], "id": 20, "ori_id": 24}, {"name": "frame_vertical_bar", "text": "frame_vertical_bar", "objs": ["original-72"], "id": 21, "ori_id": 25}, {"name": "frame_vertical_bar", "text": "frame_vertical_bar", "objs": ["original-60"], "id": 22, "ori_id": 26}, {"name": "frame_vertical_bar", "text": "frame_vertical_bar", "objs": ["original-66"], "id": 23, "ori_id": 27}, {"name": "frame_vertical_bar", "text": "frame_vertical_bar", "objs": ["original-88"], "id": 24, "ori_id": 28}, {"name": "frame_vertical_bar", "text": "frame_vertical_bar", "objs": ["original-83"], "id": 25, "ori_id": 29}, {"name": "frame_vertical_bar", "text": "frame_vertical_bar", "objs": ["original-64"], "id": 26, "ori_id": 30}, {"name": "frame_vertical_bar", "text": "frame_vertical_bar", "objs": ["original-70"], "id": 27, "ori_id": 31}, {"name": "frame_vertical_bar", "text": "frame_vertical_bar", "objs": ["original-74"], "id": 28, "ori_id": 32}, {"name": "frame_vertical_bar", "text": "frame_vertical_bar", "objs": ["original-58"], "id": 29, "ori_id": 33}, {"name": "frame_vertical_bar", "text": "frame_vertical_bar", "objs": ["original-63"], "id": 30, "ori_id": 34}, {"name": "frame_vertical_bar", "text": "frame_vertical_bar", "objs": ["original-45"], "id": 31, "ori_id": 35}, {"name": "frame_vertical_bar", "text": "frame_vertical_bar", "objs": ["original-42"], "id": 32, "ori_id": 36}, {"name": "frame_vertical_bar", "text": "frame_vertical_bar", "objs": ["original-48"], "id": 33, "ori_id": 37}, {"name": "frame_vertical_bar", "text": "frame_vertical_bar", "objs": ["original-31"], "id": 34, "ori_id": 38}, {"name": "frame_vertical_bar", "text": "frame_vertical_bar", "objs": ["original-35"], "id": 35, "ori_id": 39}, {"name": "frame_vertical_bar", "text": "frame_vertical_bar", "objs": ["original-36"], "id": 36, "ori_id": 40}, {"name": "frame_vertical_bar", "text": "frame_vertical_bar", "objs": ["original-37"], "id": 37, "ori_id": 41}, {"name": "frame_vertical_bar", "text": "frame_vertical_bar", "objs": ["original-24"], "id": 38, "ori_id": 42}, {"name": "frame_vertical_bar", "text": "frame_vertical_bar", "objs": ["original-44"], "id": 39, "ori_id": 43}, {"name": "frame_vertical_bar", "text": "frame_vertical_bar", "objs": ["original-43"], "id": 40, "ori_id": 44}, {"name": "frame_vertical_bar", "text": "frame_vertical_bar", "objs": ["original-33"], "id": 41, "ori_id": 45}, {"name": "frame_vertical_bar", "text": "frame_vertical_bar", "objs": ["original-29"], "id": 42, "ori_id": 46}, {"name": "frame_vertical_bar", "text": "frame_vertical_bar", "objs": ["original-34"], "id": 43, "ori_id": 47}, {"name": "frame_vertical_bar", "text": "frame_vertical_bar", "objs": ["original-38"], "id": 44, "ori_id": 48}, {"name": "frame_vertical_bar", "text": "frame_vertical_bar", "objs": ["original-25"], "id": 45, "ori_id": 49}, {"name": "frame_vertical_bar", "text": "frame_vertical_bar", "objs": ["original-27"], "id": 46, "ori_id": 50}, {"name": "frame_vertical_bar", "text": "frame_vertical_bar", "objs": ["original-61"], "id": 47, "ori_id": 51}, {"name": "frame_vertical_bar", "text": "frame_vertical_bar", "objs": ["original-32"], "id": 48, "ori_id": 52}, {"name": "frame_vertical_bar", "text": "frame_vertical_bar", "objs": ["original-46"], "id": 49, "ori_id": 53}, {"name": "frame_vertical_bar", "text": "frame_vertical_bar", "objs": ["original-30"], "id": 50, "ori_id": 54}, {"name": "frame_vertical_bar", "text": "frame_vertical_bar", "objs": ["original-47"], "id": 51, "ori_id": 55}, {"name": "frame_vertical_bar", "text": "frame_vertical_bar", "objs": ["original-40"], "id": 52, "ori_id": 56}, {"name": "frame_vertical_bar", "text": "frame_vertical_bar", "objs": ["original-41"], "id": 53, "ori_id": 57}, {"name": "frame_vertical_bar", "text": "frame_vertical_bar", "objs": ["original-28"], "id": 54, "ori_id": 58}, {"name": "frame_vertical_bar", "text": "frame_vertical_bar", "objs": ["original-39"], "id": 55, "ori_id": 59}, {"name": "frame_vertical_bar", "text": "frame_vertical_bar", "objs": ["original-20"], "id": 56, "ori_id": 60}, {"name": "frame_vertical_bar", "text": "frame_vertical_bar", "objs": ["original-11"], "id": 57, "ori_id": 61}, {"name": "frame_vertical_bar", "text": "frame_vertical_bar", "objs": ["original-5"], "id": 58, "ori_id": 62}, {"name": "frame_vertical_bar", "text": "frame_vertical_bar", "objs": ["original-3"], "id": 59, "ori_id": 63}, {"name": "frame_vertical_bar", "text": "frame_vertical_bar", "objs": ["original-14"], "id": 60, "ori_id": 64}, {"name": "frame_vertical_bar", "text": "frame_vertical_bar", "objs": ["original-12"], "id": 61, "ori_id": 65}, {"name": "frame_vertical_bar", "text": "frame_vertical_bar", "objs": ["original-2"], "id": 62, "ori_id": 66}, {"name": "frame_vertical_bar", "text": "frame_vertical_bar", "objs": ["original-9"], "id": 63, "ori_id": 67}, {"name": "frame_vertical_bar", "text": "frame_vertical_bar", "objs": ["original-13"], "id": 64, "ori_id": 68}, {"name": "frame_vertical_bar", "text": "frame_vertical_bar", "objs": ["original-10"], "id": 65, "ori_id": 69}, {"name": "frame_vertical_bar", "text": "frame_vertical_bar", "objs": ["original-18"], "id": 66, "ori_id": 70}, {"name": "frame_vertical_bar", "text": "frame_vertical_bar", "objs": ["original-19"], "id": 67, "ori_id": 71}, {"name": "frame_vertical_bar", "text": "frame_vertical_bar", "objs": ["original-15"], "id": 68, "ori_id": 72}, {"name": "frame_vertical_bar", "text": "frame_vertical_bar", "objs": ["original-16"], "id": 69, "ori_id": 73}, {"name": "frame_vertical_bar", "text": "frame_vertical_bar", "objs": ["original-17"], "id": 70, "ori_id": 74}, {"name": "frame_vertical_bar", "text": "frame_vertical_bar", "objs": ["original-7"], "id": 71, "ori_id": 75}, {"name": "frame_vertical_bar", "text": "frame_vertical_bar", "objs": ["original-8"], "id": 72, "ori_id": 76}, {"name": "frame_vertical_bar", "text": "frame_vertical_bar", "objs": ["original-6"], "id": 73, "ori_id": 77}, {"name": "frame_vertical_bar", "text": "frame_vertical_bar", "objs": ["original-84"], "id": 74, "ori_id": 78}, {"name": "frame_vertical_bar", "text": "frame_vertical_bar", "objs": ["original-82"], "id": 75, "ori_id": 79}, {"name": "frame_vertical_bar", "text": "frame_vertical_bar", "objs": ["original-86"], "id": 76, "ori_id": 85}, {"name": "frame_vertical_bar", "text": "frame_vertical_bar", "objs": ["original-89"], "id": 77, "ori_id": 86}, {"name": "frame_vertical_bar", "text": "frame_vertical_bar", "objs": ["original-77"], "id": 78, "ori_id": 87}, {"name": "frame_vertical_bar", "text": "frame_vertical_bar", "objs": ["original-73"], "id": 79, "ori_id": 88}, {"name": "frame_vertical_bar", "text": "frame_vertical_bar", "objs": ["original-65"], "id": 80, "ori_id": 89}, {"name": "frame_vertical_bar", "text": "frame_vertical_bar", "objs": ["original-81"], "id": 81, "ori_id": 90}, {"name": "frame_vertical_bar", "text": "frame_vertical_bar", "objs": ["original-71"], "id": 82, "ori_id": 91}, {"name": "frame_vertical_bar", "text": "frame_vertical_bar", "objs": ["original-55"], "id": 83, "ori_id": 92}], "ori_id": 3}, {"name": "base", "text": "base", "objs": ["original-26", "original-51", "original-49", "original-50"], "id": 84, "ori_id": 4}], "ori_id": 0}]