[{"text": "Trash Can", "children": [{"text": "Cover", "children": [{"text": "Cover Lid", "objs": ["original-52"], "id": 82, "name": "cover_lid"}, {"text": "Cover Frame", "objs": ["original-23"], "id": 83, "name": "cover_frame"}], "id": 1, "name": "cover"}, {"text": "Container", "children": [{"text": "Container Box", "objs": ["original-90"], "id": 80, "name": "container_box"}], "id": 2, "name": "container"}, {"text": "Outside Frame", "children": [{"text": "Frame Vertical Bar", "objs": ["original-59"], "id": 10, "name": "frame_vertical_bar"}, {"text": "Frame Vertical Bar", "objs": ["original-54"], "id": 11, "name": "frame_vertical_bar"}, {"text": "Frame Vertical Bar", "objs": ["original-80"], "id": 12, "name": "frame_vertical_bar"}, {"text": "Frame Vertical Bar", "objs": ["original-67"], "id": 13, "name": "frame_vertical_bar"}, {"text": "Frame Vertical Bar", "objs": ["original-79"], "id": 14, "name": "frame_vertical_bar"}, {"text": "Frame Vertical Bar", "objs": ["original-75"], "id": 15, "name": "frame_vertical_bar"}, {"text": "Frame Vertical Bar", "objs": ["original-69"], "id": 16, "name": "frame_vertical_bar"}, {"text": "Frame Vertical Bar", "objs": ["original-85"], "id": 17, "name": "frame_vertical_bar"}, {"text": "Frame Vertical Bar", "objs": ["original-87"], "id": 18, "name": "frame_vertical_bar"}, {"text": "Frame Vertical Bar", "objs": ["original-62"], "id": 19, "name": "frame_vertical_bar"}, {"text": "Frame Vertical Bar", "objs": ["original-57"], "id": 20, "name": "frame_vertical_bar"}, {"text": "Frame Vertical Bar", "objs": ["original-68"], "id": 21, "name": "frame_vertical_bar"}, {"text": "Frame Vertical Bar", "objs": ["original-56"], "id": 22, "name": "frame_vertical_bar"}, {"text": "Frame Vertical Bar", "objs": ["original-78"], "id": 23, "name": "frame_vertical_bar"}, {"text": "Frame Vertical Bar", "objs": ["original-76"], "id": 24, "name": "frame_vertical_bar"}, {"text": "Frame Vertical Bar", "objs": ["original-72"], "id": 25, "name": "frame_vertical_bar"}, {"text": "Frame Vertical Bar", "objs": ["original-60"], "id": 26, "name": "frame_vertical_bar"}, {"text": "Frame Vertical Bar", "objs": ["original-66"], "id": 27, "name": "frame_vertical_bar"}, {"text": "Frame Vertical Bar", "objs": ["original-88"], "id": 28, "name": "frame_vertical_bar"}, {"text": "Frame Vertical Bar", "objs": ["original-83"], "id": 29, "name": "frame_vertical_bar"}, {"text": "Frame Vertical Bar", "objs": ["original-64"], "id": 30, "name": "frame_vertical_bar"}, {"text": "Frame Vertical Bar", "objs": ["original-70"], "id": 31, "name": "frame_vertical_bar"}, {"text": "Frame Vertical Bar", "objs": ["original-74"], "id": 32, "name": "frame_vertical_bar"}, {"text": "Frame Vertical Bar", "objs": ["original-58"], "id": 33, "name": "frame_vertical_bar"}, {"text": "Frame Vertical Bar", "objs": ["original-63"], "id": 34, "name": "frame_vertical_bar"}, {"text": "Frame Vertical Bar", "objs": ["original-45"], "id": 35, "name": "frame_vertical_bar"}, {"text": "Frame Vertical Bar", "objs": ["original-42"], "id": 36, "name": "frame_vertical_bar"}, {"text": "Frame Vertical Bar", "objs": ["original-48"], "id": 37, "name": "frame_vertical_bar"}, {"text": "Frame Vertical Bar", "objs": ["original-31"], "id": 38, "name": "frame_vertical_bar"}, {"text": "Frame Vertical Bar", "objs": ["original-35"], "id": 39, "name": "frame_vertical_bar"}, {"text": "Frame Vertical Bar", "objs": ["original-36"], "id": 40, "name": "frame_vertical_bar"}, {"text": "Frame Vertical Bar", "objs": ["original-37"], "id": 41, "name": "frame_vertical_bar"}, {"text": "Frame Vertical Bar", "objs": ["original-24"], "id": 42, "name": "frame_vertical_bar"}, {"text": "Frame Vertical Bar", "objs": ["original-44"], "id": 43, "name": "frame_vertical_bar"}, {"text": "Frame Vertical Bar", "objs": ["original-43"], "id": 44, "name": "frame_vertical_bar"}, {"text": "Frame Vertical Bar", "objs": ["original-33"], "id": 45, "name": "frame_vertical_bar"}, {"text": "Frame Vertical Bar", "objs": ["original-29"], "id": 46, "name": "frame_vertical_bar"}, {"text": "Frame Vertical Bar", "objs": ["original-34"], "id": 47, "name": "frame_vertical_bar"}, {"text": "Frame Vertical Bar", "objs": ["original-38"], "id": 48, "name": "frame_vertical_bar"}, {"text": "Frame Vertical Bar", "objs": ["original-25"], "id": 49, "name": "frame_vertical_bar"}, {"text": "Frame Vertical Bar", "objs": ["original-27"], "id": 50, "name": "frame_vertical_bar"}, {"text": "Frame Vertical Bar", "objs": ["original-61"], "id": 51, "name": "frame_vertical_bar"}, {"text": "Frame Vertical Bar", "objs": ["original-32"], "id": 52, "name": "frame_vertical_bar"}, {"text": "Frame Vertical Bar", "objs": ["original-46"], "id": 53, "name": "frame_vertical_bar"}, {"text": "Frame Vertical Bar", "objs": ["original-30"], "id": 54, "name": "frame_vertical_bar"}, {"text": "Frame Vertical Bar", "objs": ["original-47"], "id": 55, "name": "frame_vertical_bar"}, {"text": "Frame Vertical Bar", "objs": ["original-40"], "id": 56, "name": "frame_vertical_bar"}, {"text": "Frame Vertical Bar", "objs": ["original-41"], "id": 57, "name": "frame_vertical_bar"}, {"text": "Frame Vertical Bar", "objs": ["original-28"], "id": 58, "name": "frame_vertical_bar"}, {"text": "Frame Vertical Bar", "objs": ["original-39"], "id": 59, "name": "frame_vertical_bar"}, {"text": "Frame Vertical Bar", "objs": ["original-20"], "id": 60, "name": "frame_vertical_bar"}, {"text": "Frame Vertical Bar", "objs": ["original-11"], "id": 61, "name": "frame_vertical_bar"}, {"text": "Frame Vertical Bar", "objs": ["original-5"], "id": 62, "name": "frame_vertical_bar"}, {"text": "Frame Vertical Bar", "objs": ["original-3"], "id": 63, "name": "frame_vertical_bar"}, {"text": "Frame Vertical Bar", "objs": ["original-14"], "id": 64, "name": "frame_vertical_bar"}, {"text": "Frame Vertical Bar", "objs": ["original-12"], "id": 65, "name": "frame_vertical_bar"}, {"text": "Frame Vertical Bar", "objs": ["original-2"], "id": 66, "name": "frame_vertical_bar"}, {"text": "Frame Vertical Bar", "objs": ["original-9"], "id": 67, "name": "frame_vertical_bar"}, {"text": "Frame Vertical Bar", "objs": ["original-13"], "id": 68, "name": "frame_vertical_bar"}, {"text": "Frame Vertical Bar", "objs": ["original-10"], "id": 69, "name": "frame_vertical_bar"}, {"text": "Frame Vertical Bar", "objs": ["original-18"], "id": 70, "name": "frame_vertical_bar"}, {"text": "Frame Vertical Bar", "objs": ["original-19"], "id": 71, "name": "frame_vertical_bar"}, {"text": "Frame Vertical Bar", "objs": ["original-15"], "id": 72, "name": "frame_vertical_bar"}, {"text": "Frame Vertical Bar", "objs": ["original-16"], "id": 73, "name": "frame_vertical_bar"}, {"text": "Frame Vertical Bar", "objs": ["original-17"], "id": 74, "name": "frame_vertical_bar"}, {"text": "Frame Vertical Bar", "objs": ["original-7"], "id": 75, "name": "frame_vertical_bar"}, {"text": "Frame Vertical Bar", "objs": ["original-8"], "id": 76, "name": "frame_vertical_bar"}, {"text": "Frame Vertical Bar", "objs": ["original-6"], "id": 77, "name": "frame_vertical_bar"}, {"text": "Frame Vertical Bar", "objs": ["original-84"], "id": 78, "name": "frame_vertical_bar"}, {"text": "Frame Vertical Bar", "objs": ["original-82"], "id": 79, "name": "frame_vertical_bar"}, {"text": "Frame Horizontal Bar", "objs": ["original-4"], "id": 84, "name": "frame_horizontal_bar"}, {"text": "Frame Vertical Bar", "objs": ["original-86"], "id": 85, "name": "frame_vertical_bar"}, {"text": "Frame Vertical Bar", "objs": ["original-89"], "id": 86, "name": "frame_vertical_bar"}, {"text": "Frame Vertical Bar", "objs": ["original-77"], "id": 87, "name": "frame_vertical_bar"}, {"text": "Frame Vertical Bar", "objs": ["original-73"], "id": 88, "name": "frame_vertical_bar"}, {"text": "Frame Vertical Bar", "objs": ["original-65"], "id": 89, "name": "frame_vertical_bar"}, {"text": "Frame Vertical Bar", "objs": ["original-81"], "id": 90, "name": "frame_vertical_bar"}, {"text": "Frame Vertical Bar", "objs": ["original-71"], "id": 91, "name": "frame_vertical_bar"}, {"text": "Frame Vertical Bar", "objs": ["original-55"], "id": 92, "name": "frame_vertical_bar"}], "id": 3, "name": "outside_frame"}, {"text": "Base", "children": [{"text": "Surface Base", "children": [{"text": "Side Surface", "objs": ["original-26", "original-51", "original-49", "original-50"], "id": 6, "name": "side_surface"}], "id": 5, "name": "surface_base"}], "id": 4, "name": "base"}], "id": 0, "name": "trash_can"}]