[{"id":0,"parent":2,"joint":"hinge","name":"door","parts":[{"id":17,"name":"glass","children":[]},{"id":18,"name":"handle","children":[]}],"jointData":{"axis":{"origin":[-0.609389123473717,-0.3639250099658966,0.5162083004578528],"direction":[0,-1,0]},"limit":{"a":0,"b":90,"noLimit":false}}},{"id":1,"parent":2,"joint":"hinge","name":"body_interior","parts":[{"id":20,"name":"tray","children":[]},{"id":22,"name":"other_leaf","children":[]}],"jointData":{"axis":{"origin":[-0.06902066840980137,0.36055201292037964,0.06108543121933008],"direction":[0,1,0]},"limit":{"a":0,"b":0,"noLimit":true}}},{"id":2,"parent":-1,"joint":"heavy","name":"frame","parts":[{"id":2,"name":"frame","children":[]},{"id":5,"name":"control_button","children":[]},{"id":6,"name":"control_button","children":[]},{"id":7,"name":"control_button","children":[]},{"id":8,"name":"control_button","children":[]},{"id":9,"name":"control_button","children":[]},{"id":10,"name":"control_button","children":[]},{"id":11,"name":"control_button","children":[]},{"id":12,"name":"control_button","children":[]},{"id":13,"name":"control_button","children":[]},{"id":14,"name":"control_button","children":[]},{"id":16,"name":"other_leaf","children":[]}],"jointData":{}}]