[{"text": "Microwave", "children": [{"text": "Body", "children": [{"text": "Frame", "objs": ["original-6", "original-61"], "id": 2, "name": "frame"}, {"text": "Door", "children": [{"text": "Door Glass", "objs": ["original-10"], "id": 17, "name": "glass"}, {"text": "Handle", "objs": ["original-9"], "id": 18, "name": "handle"}], "id": 3, "name": "door"}, {"text": "Side Controls", "children": [{"text": "Control Button", "objs": ["original-60"], "id": 5, "name": "control_button"}, {"text": "Control Button", "objs": ["original-54"], "id": 6, "name": "control_button"}, {"text": "Control Button", "objs": ["original-53"], "id": 7, "name": "control_button"}, {"text": "Control Button", "objs": ["original-52"], "id": 8, "name": "control_button"}, {"text": "Control Button", "objs": ["original-51"], "id": 9, "name": "control_button"}, {"text": "Control Button", "objs": ["original-50"], "id": 10, "name": "control_button"}, {"text": "Control Button", "objs": ["original-49"], "id": 11, "name": "control_button"}, {"text": "Control Button", "objs": ["original-48"], "id": 12, "name": "control_button"}, {"text": "Control Button", "objs": ["original-47"], "id": 13, "name": "control_button"}, {"text": "Control Button", "objs": ["original-46"], "id": 14, "name": "control_button"}, {"text": "digital (other)", "children": [{"text": "other_leaf", "objs": ["original-56", "original-58", "original-57", "original-59"], "id": 16, "name": "other_leaf"}], "id": 15, "name": "other"}], "id": 4, "name": "side_controls"}, {"text": "Body Interior", "children": [{"text": "Tray", "objs": ["original-4"], "id": 20, "name": "tray"}, {"text": "rectangle (other)", "children": [{"text": "other_leaf", "objs": ["original-43", "original-32", "original-34", "original-31", "original-37", "original-18", "original-17", "original-14", "original-16", "original-30", "original-41", "original-12", "original-21", "original-29", "original-35", "original-42", "original-33", "original-38", "original-19", "original-39", "original-20", "original-24", "original-28", "original-27", "original-40", "original-11", "original-13", "original-15", "original-22", "original-26", "original-25", "original-23", "original-36", "original-2", "original-3"], "id": 22, "name": "other_leaf"}], "id": 21, "name": "other"}], "id": 19, "name": "body_interior"}], "id": 1, "name": "body"}], "id": 0, "name": "microwave"}]