[{"children": [{"children": [{"ori_id": 2, "id": 2, "name": "frame", "objs": ["original-6", "original-61"], "text": "frame"}, {"children": [{"ori_id": 17, "id": 4, "name": "glass", "objs": ["original-10"], "text": "glass"}, {"ori_id": 18, "id": 5, "name": "handle", "objs": ["original-9"], "text": "handle"}], "name": "door", "id": 3, "ori_id": 3, "objs": ["original-10", "original-9"], "text": "door"}, {"children": [{"ori_id": 20, "id": 7, "name": "tray", "objs": ["original-4"], "text": "tray"}], "name": "body_interior", "id": 6, "ori_id": 19, "objs": ["original-4", "original-43", "original-32", "original-34", "original-31", "original-37", "original-18", "original-17", "original-14", "original-16", "original-30", "original-41", "original-12", "original-21", "original-29", "original-35", "original-42", "original-33", "original-38", "original-19", "original-39", "original-20", "original-24", "original-28", "original-27", "original-40", "original-11", "original-13", "original-15", "original-22", "original-26", "original-25", "original-23", "original-36", "original-2", "original-3"], "text": "body_interior"}], "name": "body", "id": 1, "ori_id": 1, "objs": ["original-6", "original-61", "original-10", "original-9", "original-60", "original-54", "original-53", "original-52", "original-51", "original-50", "original-49", "original-48", "original-47", "original-46", "original-56", "original-58", "original-57", "original-59", "original-4", "original-43", "original-32", "original-34", "original-31", "original-37", "original-18", "original-17", "original-14", "original-16", "original-30", "original-41", "original-12", "original-21", "original-29", "original-35", "original-42", "original-33", "original-38", "original-19", "original-39", "original-20", "original-24", "original-28", "original-27", "original-40", "original-11", "original-13", "original-15", "original-22", "original-26", "original-25", "original-23", "original-36", "original-2", "original-3"], "text": "body"}], "name": "microwave", "id": 0, "ori_id": 0, "objs": ["original-6", "original-61", "original-10", "original-9", "original-60", "original-54", "original-53", "original-52", "original-51", "original-50", "original-49", "original-48", "original-47", "original-46", "original-56", "original-58", "original-57", "original-59", "original-4", "original-43", "original-32", "original-34", "original-31", "original-37", "original-18", "original-17", "original-14", "original-16", "original-30", "original-41", "original-12", "original-21", "original-29", "original-35", "original-42", "original-33", "original-38", "original-19", "original-39", "original-20", "original-24", "original-28", "original-27", "original-40", "original-11", "original-13", "original-15", "original-22", "original-26", "original-25", "original-23", "original-36", "original-2", "original-3"], "text": "microwave"}]