[{"name": "bottle", "ori_id": 0, "text": "bottle", "children": [{"name": "normal_bottle", "ori_id": 1, "text": "normal_bottle", "children": [{"objs": ["new-19"], "name": "body", "id": 2, "ori_id": 6, "text": "body"}, {"objs": ["new-13", "new-14"], "name": "neck", "id": 3, "ori_id": 7, "text": "neck"}, {"objs": ["original-1"], "name": "lid", "id": 4, "ori_id": 8, "text": "lid"}], "id": 1, "objs": ["new-19", "new-13", "new-14", "original-1"]}], "id": 0, "objs": ["new-19", "new-13", "new-14", "original-1"]}]